filename,width,height,class,xmin,ymin,xmax,ymax
550.png,236,314,bikerider,13,59,234,305
802.png,300,470,bikerider,67,128,235,445
647.png,500,180,bikerider,169,113,195,163
647.png,500,180,bikerider,221,106,244,171
647.png,500,180,bikerider,267,109,302,180
647.png,500,180,bikerider,322,100,379,179
340.png,500,333,bikerider,96,8,414,333
779.png,300,470,bikerider,127,210,153,263
779.png,300,470,bikerider,161,203,195,266
road-bike-2263202__340.jpg,511,340,bikerider,177,85,380,291
cyclists-1748611__340.jpg,453,340,bikerider,187,133,290,340
25.png,500,363,bikerider,26,36,265,290
25.png,500,363,bikerider,161,11,423,361
276.png,450,295,bikerider,129,24,386,274
abruzzo-1492935__340.jpg,575,340,bikerider,278,238,295,269
abruzzo-1492935__340.jpg,575,340,bikerider,310,241,327,273
809.png,450,309,bikerider,24,67,220,258
street-2565509__340.jpg,226,340,bikerider,108,101,158,208
296.png,450,320,bikerider,67,54,156,302
653.png,460,288,bikerider,82,150,217,275
653.png,460,288,bikerider,222,154,330,274
339.png,500,333,bikerider,123,37,236,232
502.png,380,380,bikerider,88,46,182,264
164.png,500,333,bikerider,216,43,318,269
242.png,333,500,bikerider,71,37,263,486
63.png,500,333,bikerider,64,5,296,333
619.png,236,354,bikerider,18,34,203,346
382.png,450,320,bikerider,149,22,263,285
46.png,344,500,bikerider,84,15,250,452
666.png,500,329,bikerider,205,176,253,290
666.png,500,329,bikerider,134,173,189,283
666.png,500,329,bikerider,93,164,129,245
559.png,500,333,bikerider,127,33,234,274
559.png,500,333,bikerider,300,21,399,306
57.png,500,375,bikerider,88,17,477,365
33.png,500,245,bikerider,221,67,387,239
82.png,468,351,bikerider,49,106,209,344
cycling-1043634__340.jpg,226,340,bikerider,37,69,109,270
cycling-1043634__340.jpg,226,340,bikerider,100,86,163,253
cycling-1043634__340.jpg,226,340,bikerider,151,105,207,254
336.png,236,328,bikerider,1,26,236,324
bicycle-401977__340.jpg,713,340,bikerider,42,31,159,287
194.png,500,375,bikerider,115,192,207,356
194.png,500,375,bikerider,81,177,163,303
194.png,500,375,bikerider,275,176,332,308
194.png,500,375,bikerider,220,180,282,285
625.png,500,307,bikerider,287,145,312,221
625.png,500,307,bikerider,309,149,349,235
350.png,500,333,bikerider,81,75,194,300
350.png,500,333,bikerider,198,54,389,301
451.png,250,333,bikerider,71,63,231,229
36.png,500,339,bikerider,67,111,313,326
715.png,397,500,bikerider,53,55,356,494
253.png,500,361,bikerider,305,100,431,361
253.png,500,361,bikerider,227,144,297,319
253.png,500,361,bikerider,193,122,235,241
253.png,500,361,bikerider,172,114,210,214
253.png,500,361,bikerider,154,129,178,190
253.png,500,361,bikerider,141,121,164,177
665.png,500,375,bikerider,327,17,489,375
487.png,500,333,bikerider,17,145,106,266
487.png,500,333,bikerider,100,150,180,270
487.png,500,333,bikerider,308,149,341,219
230.png,500,333,bikerider,181,28,393,333
14.png,450,300,bikerider,163,20,368,280
bicycle-race-438829__340.jpg,510,340,bikerider,142,98,228,337
bicycle-race-438829__340.jpg,510,340,bikerider,263,83,398,340
13.png,500,333,bikerider,138,106,205,329
13.png,500,333,bikerider,213,109,262,268
13.png,500,333,bikerider,272,110,370,333
13.png,500,333,bikerider,326,102,387,287
13.png,500,333,bikerider,419,105,500,301
13.png,500,333,bikerider,99,124,141,259
13.png,500,333,bikerider,76,135,106,231
845.png,315,500,bikerider,79,26,244,484
124.png,333,500,bikerider,80,56,255,452
474.png,375,500,bikerider,1,183,83,337
bicycle-race-438845__340.jpg,510,340,bikerider,1,63,199,319
435.png,500,332,bikerider,250,223,376,332
710.png,500,349,bikerider,77,74,180,272
710.png,500,349,bikerider,178,100,226,238
710.png,500,349,bikerider,196,23,311,322
710.png,500,349,bikerider,288,64,362,266
123.png,300,199,bikerider,56,67,151,186
123.png,300,199,bikerider,171,75,220,147
123.png,300,199,bikerider,226,69,276,171
123.png,300,199,bikerider,268,71,300,128
26.png,500,400,bikerider,110,19,383,394
596.png,500,333,bikerider,40,18,359,333
34.png,500,281,bikerider,182,33,267,241
34.png,500,281,bikerider,304,33,417,249
53.png,480,368,bikerider,185,21,422,349
256.png,369,500,bikerider,20,82,330,481
406.png,500,283,bikerider,147,1,482,283
457.png,328,500,bikerider,72,19,285,500
action-71647__340.jpg,513,340,bikerider,243,43,396,306
cycling-659806__340.jpg,333,340,bikerider,166,3,303,338
658.png,500,333,bikerider,301,118,339,196
pathway-223808__340.jpg,222,340,bikerider,102,178,135,247
215.png,333,500,bikerider,76,101,287,452
357.png,500,333,bikerider,135,28,327,333
562.png,300,225,bikerider,70,46,237,223
644.png,350,500,bikerider,111,155,199,455
718.png,370,500,bikerider,1,7,362,485
cycling-659733__340.jpg,226,340,bikerider,85,171,125,237
337.png,500,281,bikerider,320,131,442,269
226.png,500,333,bikerider,157,61,272,304
226.png,500,333,bikerider,14,50,137,309
752.png,500,359,bikerider,46,57,176,328
102.png,500,371,bikerider,125,1,411,362
627.png,500,375,bikerider,102,35,399,310
548.png,500,375,bikerider,30,69,132,323
548.png,500,375,bikerider,150,73,229,295
548.png,500,375,bikerider,269,59,382,307
254.png,399,500,bikerider,27,61,305,450
719.png,500,283,bikerider,259,91,364,228
719.png,500,283,bikerider,355,42,493,242
300.png,500,432,bikerider,3,2,290,427
300.png,500,432,bikerider,323,121,401,304
300.png,500,432,bikerider,400,159,444,256
300.png,500,432,bikerider,443,174,473,238
434.png,483,500,bikerider,255,93,423,495
748.png,450,320,bikerider,99,39,199,249
508.png,332,500,bikerider,76,60,297,473
602.png,500,309,bikerider,20,1,170,287
113.png,300,470,bikerider,48,48,211,449
191.png,368,500,bikerider,107,11,287,499
guy-2245021__340.jpg,191,340,bikerider,24,80,117,192
249.png,333,500,bikerider,69,21,266,486
23.png,236,314,bikerider,46,44,201,313
bicycle-434913__340.jpg,498,340,bikerider,178,72,323,300
17.png,500,279,bikerider,58,7,302,279
biking-1721469__340.jpg,581,340,bikerider,200,94,338,339
biking-1721469__340.jpg,581,340,bikerider,318,110,456,331
29.png,500,375,bikerider,110,35,398,375
cycling-659780__340.jpg,479,340,bikerider,55,27,472,338
20.png,500,309,bikerider,128,20,427,309
740.png,500,281,bikerider,94,1,265,231
465.png,500,375,bikerider,64,159,141,294
849.png,450,320,bikerider,190,60,248,147
301.png,500,365,bikerider,1,181,150,365
301.png,500,365,bikerider,164,182,192,255
301.png,500,365,bikerider,187,185,213,246
103.png,500,500,bikerider,44,11,448,468
859.png,500,281,bikerider,252,108,279,137
797.png,450,320,bikerider,207,50,387,261
129.png,500,333,bikerider,2,1,265,331
187.png,500,234,bikerider,4,99,111,212
187.png,500,234,bikerider,239,89,332,185
187.png,500,234,bikerider,338,84,432,191
187.png,500,234,bikerider,423,75,500,171
636.png,478,500,bikerider,42,83,456,495
344.png,300,225,bikerider,45,23,152,212
344.png,300,225,bikerider,140,7,280,225
31.png,500,353,bikerider,21,1,412,349
76.png,500,255,bikerider,64,59,252,231
76.png,500,255,bikerider,286,65,392,201
76.png,500,255,bikerider,341,45,500,234
349.png,500,375,bikerider,55,104,120,206
297.png,500,361,bikerider,116,5,461,347
489.png,500,333,bikerider,77,143,141,238
489.png,500,333,bikerider,171,81,219,183
489.png,500,333,bikerider,248,64,298,143
58.png,500,333,bikerider,117,1,263,325
604.png,500,125,bikerider,72,37,114,125
604.png,500,125,bikerider,98,6,136,119
604.png,500,125,bikerider,155,1,223,120
604.png,500,125,bikerider,246,3,389,125
70.png,500,280,bikerider,93,1,327,278
323.png,500,333,bikerider,231,67,323,276
323.png,500,333,bikerider,380,73,500,289
323.png,500,333,bikerider,165,97,186,141
189.png,500,375,bikerider,171,5,301,370
95.png,328,500,bikerider,82,123,249,483
289.png,450,321,bikerider,241,77,354,282
mountain-bike-2831816__340.jpg,510,340,bikerider,115,1,347,237
494.png,450,320,bikerider,70,72,138,272
494.png,450,320,bikerider,179,41,280,290
244.png,500,351,bikerider,164,20,492,341
330.png,500,333,bikerider,136,39,468,326
cycling-664758__340.jpg,510,340,bikerider,306,28,427,334
134.png,500,281,bikerider,339,22,422,248
134.png,500,281,bikerider,303,111,357,231
134.png,500,281,bikerider,395,110,455,227
757.png,450,320,bikerider,14,6,292,296
348.png,375,500,bikerider,76,157,207,402
bicycle-87205__340.jpg,510,340,bikerider,162,34,455,339
400.png,333,500,bikerider,4,111,315,476
238.png,500,281,bikerider,202,98,355,257
251.png,379,500,bikerider,20,9,379,466
770.png,500,368,bikerider,231,123,317,208
408.png,199,132,bikerider,9,1,162,131
children-2586002__340.jpg,429,340,bikerider,102,79,236,281
man-255865__340.jpg,340,340,bikerider,62,22,257,340
319.png,500,239,bikerider,270,9,397,239
11.png,328,500,bikerider,43,28,312,499
64.png,500,281,bikerider,114,80,188,242
64.png,500,281,bikerider,66,3,108,81
64.png,500,281,bikerider,108,3,149,70
64.png,500,281,bikerider,208,29,244,127
64.png,500,281,bikerider,235,41,275,141
64.png,500,281,bikerider,280,31,311,110
64.png,500,281,bikerider,288,80,338,220
64.png,500,281,bikerider,309,97,358,261
64.png,500,281,bikerider,362,80,415,237
374.png,468,305,bikerider,80,67,173,296
374.png,468,305,bikerider,242,78,335,301
561.png,500,333,bikerider,15,52,171,281
448.png,360,235,bikerider,70,115,166,224
bicycle-race-438846__340.jpg,510,340,bikerider,2,1,256,340
dark-2565366__340.jpg,509,340,bikerider,222,78,295,232
237.png,333,500,bikerider,8,39,294,490
606.png,500,333,bikerider,28,45,254,310
606.png,500,333,bikerider,206,37,461,327
81.png,333,500,bikerider,22,83,315,463
268.png,295,200,bikerider,73,61,136,194
268.png,295,200,bikerider,146,5,220,199
268.png,295,200,bikerider,9,6,62,169
268.png,295,200,bikerider,253,8,295,137
358.png,400,267,bikerider,56,56,174,267
21.png,230,200,bikerider,14,12,227,200
373.png,500,255,bikerider,254,102,333,224
373.png,500,255,bikerider,386,102,433,201
bicycle-2715715__340.jpg,453,340,bikerider,101,145,147,214
bicycle-2715715__340.jpg,453,340,bikerider,220,142,268,226
bicycle-2715715__340.jpg,453,340,bikerider,156,145,197,209
72.png,328,500,bikerider,47,14,226,493
cyclist-2129004__340.jpg,510,340,bikerider,215,59,348,340
231.png,500,324,bikerider,12,29,144,319
231.png,500,324,bikerider,167,12,274,294
231.png,500,324,bikerider,252,32,387,259
327.png,500,367,bikerider,225,78,325,315
girl-1718427__340.jpg,510,340,bikerider,148,131,237,336
girl-1718427__340.jpg,510,340,bikerider,262,104,361,340
232.png,500,250,bikerider,213,30,318,226
383.png,500,288,bikerider,125,28,352,248
210.png,311,500,bikerider,20,32,254,466
388.png,357,500,bikerider,157,187,297,413
795.png,300,321,bikerider,69,134,155,234
795.png,300,321,bikerider,128,131,254,255
28.png,389,467,bikerider,1,149,339,463
259.png,500,334,bikerider,104,102,346,251
361.png,500,345,bikerider,292,35,405,236
171.png,500,283,bikerider,124,39,206,245
171.png,500,283,bikerider,208,39,304,261
171.png,500,283,bikerider,363,8,485,283
772.png,333,500,bikerider,34,90,291,456
422.png,500,164,bikerider,110,92,177,164
216.png,500,322,bikerider,32,1,411,321
214.png,328,500,bikerider,13,6,224,495
756.png,339,500,bikerider,56,62,332,487
419.png,500,375,bikerider,32,126,193,313
419.png,500,375,bikerider,211,150,269,253
419.png,500,375,bikerider,308,162,335,221
419.png,500,375,bikerider,326,166,351,213
419.png,500,375,bikerider,350,172,372,209
419.png,500,375,bikerider,372,166,397,210
157.png,500,334,bikerider,215,6,414,334
128.png,500,333,bikerider,1,10,337,322
803.png,450,320,bikerider,127,25,253,299
728.png,480,360,bikerider,267,49,413,302
733.png,450,320,bikerider,62,35,290,261
409.png,362,500,bikerider,36,30,330,444
241.png,500,333,bikerider,120,40,250,315
241.png,500,333,bikerider,318,54,420,319
115.png,500,333,bikerider,317,71,498,315
115.png,500,333,bikerider,5,35,204,311
560.png,500,340,bikerider,4,1,495,335
200.png,500,333,bikerider,49,114,188,295
200.png,500,333,bikerider,150,140,201,197
200.png,500,333,bikerider,16,154,63,202
643.png,500,368,bikerider,256,8,400,317
273.png,288,183,bikerider,128,15,205,182
55.png,460,260,bikerider,119,12,197,241
55.png,460,260,bikerider,176,37,255,248
55.png,460,260,bikerider,256,33,346,258
706.png,236,214,bikerider,13,15,224,214
503.png,500,333,bikerider,16,1,493,331
reflection-2796159__340.jpg,510,340,bikerider,136,169,214,243
reflection-2796159__340.jpg,510,340,bikerider,214,174,281,246
438.png,468,351,bikerider,61,182,263,351
gravel-road-55354__340.jpg,453,340,bikerider,192,148,221,210
bike-2673983__340.jpg,226,340,bikerider,56,181,123,334
490.png,500,375,bikerider,217,148,247,225
490.png,500,375,bikerider,275,154,317,267
490.png,500,375,bikerider,305,151,380,323
633.png,500,500,bikerider,56,257,217,486
633.png,500,500,bikerider,276,263,437,500
633.png,500,500,bikerider,6,8,106,239
633.png,500,500,bikerider,107,34,244,248
153.png,352,500,bikerider,99,14,290,500
cyclist-983931__340.jpg,226,340,bikerider,87,216,132,313
352.png,450,477,bikerider,164,184,360,476
827.png,236,342,bikerider,7,16,236,322
763.png,300,470,bikerider,63,83,228,414
818.png,450,320,bikerider,29,74,227,269
mount-kofel-55360__340.jpg,453,340,bikerider,196,221,248,321
441.png,500,334,bikerider,37,14,264,296
441.png,500,334,bikerider,323,86,397,255
146.png,500,374,bikerider,47,13,438,374
9.png,400,286,bikerider,59,27,318,272
775.png,330,300,bikerider,27,28,143,300
775.png,330,300,bikerider,193,48,288,300
436.png,500,333,bikerider,180,38,326,333
bicicleta-2828782__340.jpg,510,340,bikerider,123,155,179,234
bicicleta-2828782__340.jpg,510,340,bikerider,194,156,240,237
bicicleta-2828782__340.jpg,510,340,bikerider,213,156,283,256
bicicleta-2828782__340.jpg,510,340,bikerider,309,153,396,286
bicicleta-2828782__340.jpg,510,340,bikerider,340,143,504,339
235.png,500,375,bikerider,120,194,162,269
235.png,500,375,bikerider,6,178,62,320
235.png,500,375,bikerider,303,156,382,344
692.png,500,500,bikerider,95,115,486,469
girl-2733000__340.jpg,226,340,bikerider,1,23,220,232
92.png,500,280,bikerider,152,33,411,276
bike-2828771__340.jpg,510,340,bikerider,70,96,143,281
bike-2828771__340.jpg,510,340,bikerider,159,102,215,283
bike-2828771__340.jpg,510,340,bikerider,289,100,354,281
bike-2828771__340.jpg,510,340,bikerider,394,97,467,277
808.png,500,281,bikerider,218,118,250,197
808.png,500,281,bikerider,252,125,277,188
808.png,500,281,bikerider,272,101,318,218
753.png,299,470,bikerider,77,200,143,391
753.png,299,470,bikerider,158,207,281,446
753.png,299,470,bikerider,238,209,272,274
197.png,500,278,bikerider,284,106,344,164
6.png,500,250,bikerider,157,24,426,250
179.png,500,375,bikerider,62,4,189,369
179.png,500,375,bikerider,160,8,266,293
179.png,500,375,bikerider,238,23,341,282
184.png,400,365,bikerider,73,1,374,359
167.png,353,500,bikerider,1,41,253,435
338.png,500,314,bikerider,159,9,396,297
314.png,500,375,bikerider,102,69,388,312
195.png,333,500,bikerider,6,126,113,413
195.png,333,500,bikerider,88,146,238,432
195.png,333,500,bikerider,229,162,333,482
3.png,500,333,bikerider,102,67,366,333
3.png,500,333,bikerider,240,137,397,258
19.png,500,333,bikerider,28,82,248,294
212.png,500,281,bikerider,109,1,325,196
169.png,500,500,bikerider,97,40,278,471
217.png,333,500,bikerider,1,118,163,497
217.png,333,500,bikerider,162,92,328,499
787.png,300,470,bikerider,91,82,215,388
108.png,450,273,bikerider,260,65,319,213
12.png,500,333,bikerider,77,94,186,291
12.png,500,333,bikerider,205,73,308,322
4.png,300,449,bikerider,18,42,284,435
cycling-659792__340.jpg,701,340,bikerider,116,178,214,269
cycling-659792__340.jpg,701,340,bikerider,237,180,327,272
44.png,500,333,bikerider,46,59,200,307
44.png,500,333,bikerider,198,64,374,333
44.png,500,333,bikerider,389,77,480,238
44.png,500,333,bikerider,264,53,365,230
649.png,500,349,bikerider,63,176,233,315
589.png,500,375,bikerider,25,71,94,284
589.png,500,375,bikerider,67,58,141,307
589.png,500,375,bikerider,124,47,219,329
589.png,500,375,bikerider,215,33,382,375
589.png,500,375,bikerider,399,51,500,370
bicycles-405779__340.jpg,510,340,bikerider,318,122,411,216
824.png,333,500,bikerider,19,51,333,465
637.png,500,281,bikerider,46,75,197,278
637.png,500,281,bikerider,251,108,298,178
130.png,399,500,bikerider,32,36,355,500
173.png,500,312,bikerider,215,46,308,288
173.png,500,312,bikerider,377,55,456,286
173.png,500,312,bikerider,198,117,232,184
720.png,328,500,bikerider,62,15,290,458
700.png,500,281,bikerider,327,2,432,225
784.png,500,281,bikerider,330,2,454,226
cyclist-446358__340.jpg,510,340,bikerider,140,141,216,297
137.png,353,500,bikerider,85,44,276,465
549.png,500,305,bikerider,195,117,258,244
227.png,500,362,bikerider,238,46,427,362
227.png,500,362,bikerider,367,52,469,361
227.png,500,362,bikerider,165,73,252,289
227.png,500,362,bikerider,63,86,107,209
227.png,500,362,bikerider,140,83,182,221
227.png,500,362,bikerider,18,83,63,200
227.png,500,362,bikerider,106,89,140,185
architecture-2601357__340.jpg,510,340,bikerider,252,153,295,253
bicycle-1867232__340.jpg,510,340,bikerider,11,1,423,338
bike-985342__340.jpg,453,340,bikerider,348,235,371,285
114.png,328,500,bikerider,18,75,318,429
119.png,397,500,bikerider,38,128,397,484
325.png,450,320,bikerider,152,28,394,293
cycle-oregon-2078430__340.jpg,588,340,bikerider,412,243,452,301
cycle-oregon-2078430__340.jpg,588,340,bikerider,493,246,522,299
cycle-oregon-2078430__340.jpg,588,340,bikerider,282,241,315,301
cycle-oregon-2078430__340.jpg,588,340,bikerider,203,238,244,310
498.png,500,260,bikerider,300,104,346,160
302.png,500,332,bikerider,86,194,144,282
302.png,500,332,bikerider,161,194,241,304
302.png,500,332,bikerider,311,183,442,322
534.png,500,349,bikerider,21,105,81,252
534.png,500,349,bikerider,70,135,112,220
534.png,500,349,bikerider,1,156,27,213
534.png,500,349,bikerider,103,153,133,210
534.png,500,349,bikerider,145,35,388,314
534.png,500,349,bikerider,396,28,500,278
522.png,500,339,bikerider,6,27,225,313
97.png,500,318,bikerider,164,100,303,232
10.png,500,333,bikerider,47,22,305,284
407.png,500,266,bikerider,156,5,490,266
801.png,281,500,bikerider,60,22,224,442
806.png,450,320,bikerider,164,60,268,275
cycling-1813444__340.jpg,476,340,bikerider,179,9,307,334
bike-2900496__340.jpg,510,340,bikerider,182,49,441,333
street-183527__340.jpg,609,340,bikerider,187,192,217,227
street-183527__340.jpg,609,340,bikerider,305,207,367,340
street-183527__340.jpg,609,340,bikerider,353,208,388,283
bicycle-362171__340.jpg,510,340,bikerider,165,1,418,201
52.png,500,281,bikerider,187,3,451,281
104.png,457,500,bikerider,1,53,306,470
104.png,457,500,bikerider,203,64,455,500
162.png,500,419,bikerider,241,11,493,408
541.png,500,333,bikerider,225,94,332,261
27.png,500,333,bikerider,170,1,288,319
27.png,500,333,bikerider,250,15,333,291
798.png,333,500,bikerider,4,48,316,452
180.png,500,500,bikerider,33,15,466,478
750.png,266,400,bikerider,26,73,236,395
147.png,450,320,bikerider,106,74,199,212
147.png,450,320,bikerider,205,65,277,224
147.png,450,320,bikerider,419,96,445,148
56.png,500,333,bikerider,296,38,416,313
cycle-1155270__340.jpg,458,340,bikerider,184,102,264,281
553.png,500,331,bikerider,1,108,59,170
553.png,500,331,bikerider,92,106,180,177
553.png,500,331,bikerider,182,104,256,170
bicycle-87203__340.jpg,510,340,bikerider,134,30,425,340
163.png,500,331,bikerider,130,40,239,331
163.png,500,331,bikerider,218,75,309,313
163.png,500,331,bikerider,326,76,410,288
397.png,500,174,bikerider,152,5,239,161
397.png,500,174,bikerider,187,12,313,174
397.png,500,174,bikerider,8,2,140,174
397.png,500,174,bikerider,280,1,319,64
397.png,500,174,bikerider,317,1,347,58
biker-446071__340.jpg,510,340,bikerider,50,49,273,295
493.png,500,349,bikerider,25,32,232,349
493.png,500,349,bikerider,270,13,491,349
493.png,500,349,bikerider,239,2,354,331
51.png,500,278,bikerider,186,3,390,271
403.png,333,500,bikerider,58,17,258,500
84.png,500,312,bikerider,205,30,306,274
84.png,500,312,bikerider,303,46,374,211
148.png,500,279,bikerider,140,35,297,262
355.png,500,500,bikerider,14,62,429,472
335.png,333,500,bikerider,102,26,293,482
316.png,331,500,bikerider,96,117,221,468
671.png,500,271,bikerider,241,63,333,245
671.png,500,271,bikerider,218,105,260,230
671.png,500,271,bikerider,332,8,466,269
118.png,400,267,bikerider,56,17,175,239
118.png,400,267,bikerider,161,27,331,247
294.png,500,258,bikerider,12,7,202,258
294.png,500,258,bikerider,282,46,361,254
294.png,500,258,bikerider,331,14,452,258
294.png,500,258,bikerider,439,79,500,247
girl-2209228__340.jpg,604,340,bikerider,329,118,391,270
5.png,500,280,bikerider,214,65,398,267
209.png,480,375,bikerider,46,32,480,342
198.png,500,362,bikerider,20,183,78,333
198.png,500,362,bikerider,52,170,95,283
198.png,500,362,bikerider,119,173,157,281
198.png,500,362,bikerider,145,174,200,325
198.png,500,362,bikerider,186,172,228,283
198.png,500,362,bikerider,251,173,290,306
198.png,500,362,bikerider,280,175,350,362
198.png,500,362,bikerider,370,181,411,287
198.png,500,362,bikerider,413,167,491,362
198.png,500,362,bikerider,326,185,363,294
437.png,334,500,bikerider,20,60,334,397
architecture-2596884__340.jpg,453,340,bikerider,23,120,196,316
bicycles-2615671__340.jpg,510,340,bikerider,154,186,187,265
bicycles-2615671__340.jpg,510,340,bikerider,215,188,249,261
423.png,500,333,bikerider,1,7,394,332
bihu-169921__340.jpg,510,340,bikerider,138,142,189,203
girl-1718430__340.jpg,509,340,bikerider,66,135,177,338
girl-1718430__340.jpg,509,340,bikerider,256,106,358,340
cycling-2665119__340.jpg,510,340,bikerider,136,251,181,317
cycling-2665119__340.jpg,510,340,bikerider,190,246,221,302
228.png,150,150,bikerider,5,13,138,146
bicicleta-2828784__340.jpg,510,340,bikerider,167,39,348,319
315.png,379,500,bikerider,163,122,290,461
315.png,379,500,bikerider,124,173,154,213
315.png,379,500,bikerider,16,159,43,184
586.png,500,375,bikerider,46,175,135,375
586.png,500,375,bikerider,154,139,234,372
586.png,500,375,bikerider,14,117,66,244
586.png,500,375,bikerider,240,104,280,237
586.png,500,375,bikerider,286,129,335,289
586.png,500,375,bikerider,319,157,411,375
586.png,500,375,bikerider,419,137,499,375
18.png,500,333,bikerider,211,55,319,296
165.png,500,333,bikerider,85,73,186,286
820.png,300,470,bikerider,139,19,288,445
260.png,500,334,bikerider,97,34,222,236
466.png,333,500,bikerider,36,277,162,496
754.png,440,500,bikerider,30,41,431,490
694.png,500,333,bikerider,97,168,128,258
694.png,500,333,bikerider,82,171,104,226
694.png,500,333,bikerider,134,176,166,253
694.png,500,333,bikerider,171,167,200,226
694.png,500,333,bikerider,200,173,250,271
694.png,500,333,bikerider,229,161,322,328
694.png,500,333,bikerider,292,165,351,260
694.png,500,333,bikerider,325,133,498,333
218.png,468,345,bikerider,109,59,379,312
843.png,450,320,bikerider,220,74,294,270
312.png,500,500,bikerider,201,24,493,443
